Mat,Wkts,,,,,,,
350,534,,,,,,,
356,502,,,,,,,
262,416,,,,,,,
322,400,,,,,,,
398,395,,,,,,,
303,393,,,,,,,
250,381,,,,,,,
221,380,,,,,,,
226,338,,,,,,,
271,337,,,,,,,
445,323,,,,,,,
229,315,,,,,,,
295,305,,,,,,,
194,293,,,,,,,
191,288,,,,,,,
169,288,,,,,,,
200,282,,,,,,,
328,273,,,,,,,
164,272,,,,,,,
265,269,,,,,,,
194,269,,,,,,,
236,269,,,,,,,
217,266,,,,,,,
173,266,,,,,,,
206,260,,,,,,,
225,253,,,,,,,
163,247,,,,,,,
170,240,,,,,,,
153,239,,,,,,,
189,239,,,,,,,
159,235,,,,,,,
205,227,,,,,,,
176,225,,,,,,,
153,207,,,,,,,
250,203,,,,,,,
138,203,,,,,,,
215,201,,,,,,,
164,199,,,,,,,
184,199,,,,,,,
161,196,,,,,,,
125,196,,,,,,,
325,195,,,,,,,
227,193,,,,,,,
171,192,,,,,,,
117,188,,,,,,,
147,187,,,,,,,
140,186,,,,,,,
113,184,,,,,,,
163,182,,,,,,,
175,182,,,,,,,
159,181,,,,,,,
130,179,,,,,,,
121,178,,,,,,,
116,174,,,,,,,
107,173,,,,,,,
160,173,,,,,,,
120,173,,,,,,,
85,172,,,,,,,
161,171,,,,,,,
141,169,,,,,,,
190,168,,,,,,,
301,167,,,,,,,
89,164,,,,,,,
144,161,,,,,,,
115,158,,,,,,,
287,158,,,,,,,
136,157,,,,,,,
120,157,,,,,,,
130,157,,,,,,,
123,156,,,,,,,
463,154,,,,,,,
87,152,,,,,,,
147,151,,,,,,,
111,150,,,,,,,
82,147,,,,,,,
98,146,,,,,,,
116,145,,,,,,,
136,145,,,,,,,
99,143,,,,,,,
97,142,,,,,,,
102,142,,,,,,,
99,142,,,,,,,
114,140,,,,,,,
218,139,,,,,,,
141,138,,,,,,,
188,137,,,,,,,
73,136,,,,,,,
109,135,,,,,,,
89,135,,,,,,,
88,134,,,,,,,
112,133,,,,,,,
71,133,,,,,,,
198,133,,,,,,,
164,133,,,,,,,
104,132,,,,,,,
114,132,,,,,,,
108,130,,,,,,,
124,130,,,,,,,
150,129,,,,,,,
90,128,,,,,,,
96,126,,,,,,,
101,126,,,,,,,
125,125,,,,,,,
92,124,,,,,,,
143,123,,,,,,,
87,121,,,,,,,
96,119,,,,,,,
84,118,,,,,,,
187,118,,,,,,,
75,117,,,,,,,
92,117,,,,,,,
82,115,,,,,,,
103,115,,,,,,,
214,115,,,,,,,
80,115,,,,,,,
89,115,,,,,,,
188,114,,,,,,,
93,114,,,,,,,
121,113,,,,,,,
142,113,,,,,,,
197,111,,,,,,,
122,111,,,,,,,
304,111,,,,,,,
76,110,,,,,,,
74,110,,,,,,,
94,110,,,,,,,
85,109,,,,,,,
134,109,,,,,,,
87,108,,,,,,,
95,108,,,,,,,
85,107,,,,,,,
56,107,,,,,,,
308,106,,,,,,,
330,106,,,,,,,
79,106,,,,,,,
92,106,,,,,,,
75,106,,,,,,,
221,104,,,,,,,
73,104,,,,,,,
79,104,,,,,,,
58,103,,,,,,,
63,103,,,,,,,
64,103,,,,,,,
69,102,,,,,,,
213,101,,,,,,,
85,100,,,,,,,
311,100,,,,,,,
105,100,,,,,,,
72,100,,,,,,,
102,100,,,,,,,
223,99,,,,,,,
56,99,,,,,,,
59,97,,,,,,,
83,97,,,,,,,
115,96,,,,,,,
58,96,,,,,,,
69,96,,,,,,,
251,96,,,,,,,
95,96,,,,,,,
70,95,,,,,,,
83,95,,,,,,,
88,95,,,,,,,
65,94,,,,,,,
135,94,,,,,,,
61,94,,,,,,,
52,92,,,,,,,
65,92,,,,,,,
76,91,,,,,,,
83,91,,,,,,,
59,90,,,,,,,
78,89,,,,,,,
87,89,,,,,,,
283,89,,,,,,,
207,89,,,,,,,
65,88,,,,,,,
79,88,,,,,,,
147,88,,,,,,,
56,87,,,,,,,
70,86,,,,,,,
156,85,,,,,,,
50,85,,,,,,,
73,85,,,,,,,
71,85,,,,,,,
78,85,,,,,,,
244,85,,,,,,,
101,84,,,,,,,
84,83,,,,,,,
60,83,,,,,,,
143,83,,,,,,,
53,82,,,,,,,
48,82,,,,,,,
52,82,,,,,,,
110,81,,,,,,,
61,81,,,,,,,
126,81,,,,,,,
64,80,,,,,,,
56,79,,,,,,,
269,79,,,,,,,
67,78,,,,,,,
62,78,,,,,,,
79,78,,,,,,,
72,77,,,,,,,
62,77,,,,,,,
68,77,,,,,,,
54,77,,,,,,,
61,76,,,,,,,
58,76,,,,,,,
50,76,,,,,,,
185,76,,,,,,,
70,76,,,,,,,
70,75,,,,,,,
79,75,,,,,,,
53,75,,,,,,,
71,74,,,,,,,
58,74,,,,,,,
61,74,,,,,,,
273,73,,,,,,,
86,73,,,,,,,
67,73,,,,,,,
78,72,,,,,,,
74,72,,,,,,,
44,72,,,,,,,
80,72,,,,,,,
55,71,,,,,,,
62,71,,,,,,,
131,71,,,,,,,
59,70,,,,,,,
78,70,,,,,,,
69,70,,,,,,,
56,70,,,,,,,
95,70,,,,,,,
54,69,,,,,,,
199,69,,,,,,,
69,69,,,,,,,
69,69,,,,,,,
59,69,,,,,,,
58,69,,,,,,,
136,69,,,,,,,
62,68,,,,,,,
63,68,,,,,,,
64,67,,,,,,,
36,67,,,,,,,
84,67,,,,,,,
43,67,,,,,,,
77,67,,,,,,,
65,67,,,,,,,
67,66,,,,,,,
53,66,,,,,,,
59,66,,,,,,,
65,65,,,,,,,
52,65,,,,,,,
51,65,,,,,,,
48,65,,,,,,,
36,64,,,,,,,
81,64,,,,,,,
44,64,,,,,,,
59,63,,,,,,,
58,63,,,,,,,
84,63,,,,,,,
40,63,,,,,,,
50,63,,,,,,,
53,63,,,,,,,
61,63,,,,,,,
45,63,,,,,,,
39,62,,,,,,,
35,62,,,,,,,
56,61,,,,,,,
105,61,,,,,,,
52,61,,,,,,,
51,61,,,,,,,
49,60,,,,,,,
50,60,,,,,,,
54,60,,,,,,,
45,60,,,,,,,
57,59,,,,,,,
48,59,,,,,,,
65,59,,,,,,,
38,59,,,,,,,
59,59,,,,,,,
43,59,,,,,,,
97,59,,,,,,,
56,59,,,,,,,
49,58,,,,,,,
50,58,,,,,,,
53,58,,,,,,,
46,57,,,,,,,
245,57,,,,,,,
59,57,,,,,,,
45,57,,,,,,,
40,57,,,,,,,
58,56,,,,,,,
37,56,,,,,,,
60,55,,,,,,,
62,55,,,,,,,
70,55,,,,,,,
33,55,,,,,,,
50,55,,,,,,,
88,54,,,,,,,
42,54,,,,,,,
54,54,,,,,,,
42,53,,,,,,,
39,53,,,,,,,
39,53,,,,,,,
29,53,,,,,,,
49,53,,,,,,,
31,52,,,,,,,
32,52,,,,,,,
38,52,,,,,,,
117,52,,,,,,,
76,52,,,,,,,
107,52,,,,,,,
46,52,,,,,,,
36,51,,,,,,,
34,51,,,,,,,
27,51,,,,,,,
54,50,,,,,,,
110,50,,,,,,,
58,50,,,,,,,
41,50,,,,,,,
38,50,,,,,,,
31,49,,,,,,,
197,49,,,,,,,
54,49,,,,,,,
43,49,,,,,,,
36,48,,,,,,,
86,48,,,,,,,
45,48,,,,,,,
64,48,,,,,,,
42,48,,,,,,,
42,47,,,,,,,
51,47,,,,,,,
85,46,,,,,,,
58,46,,,,,,,
39,46,,,,,,,
36,46,,,,,,,
45,46,,,,,,,
46,46,,,,,,,
38,46,,,,,,,
38,46,,,,,,,
84,46,,,,,,,
49,46,,,,,,,
38,46,,,,,,,
50,45,,,,,,,
44,45,,,,,,,
50,45,,,,,,,
32,45,,,,,,,
42,45,,,,,,,
38,45,,,,,,,
75,45,,,,,,,
39,45,,,,,,,
32,45,,,,,,,
63,45,,,,,,,
32,44,,,,,,,
39,44,,,,,,,
39,44,,,,,,,
25,44,,,,,,,
21,44,,,,,,,
34,44,,,,,,,
53,44,,,,,,,
38,44,,,,,,,
44,44,,,,,,,
42,44,,,,,,,
53,44,,,,,,,
127,43,,,,,,,
44,43,,,,,,,
31,43,,,,,,,
44,43,,,,,,,
114,43,,,,,,,
64,43,,,,,,,
105,42,,,,,,,
42,42,,,,,,,
29,42,,,,,,,
53,42,,,,,,,
42,42,,,,,,,
56,42,,,,,,,
27,41,,,,,,,
33,41,,,,,,,
32,41,,,,,,,
41,41,,,,,,,
44,41,,,,,,,
42,41,,,,,,,
83,41,,,,,,,
40,41,,,,,,,
22,41,,,,,,,
30,41,,,,,,,
31,40,,,,,,,
180,40,,,,,,,
120,40,,,,,,,
39,40,,,,,,,
19,40,,,,,,,
47,39,,,,,,,
30,39,,,,,,,
30,39,,,,,,,
35,39,,,,,,,
83,39,,,,,,,
39,39,,,,,,,
209,39,,,,,,,
47,39,,,,,,,
61,39,,,,,,,
31,39,,,,,,,
49,38,,,,,,,
42,38,,,,,,,
33,38,,,,,,,
26,38,,,,,,,
25,38,,,,,,,
34,38,,,,,,,
31,38,,,,,,,
51,37,,,,,,,
32,37,,,,,,,
33,37,,,,,,,
37,37,,,,,,,
38,37,,,,,,,
149,37,,,,,,,
31,36,,,,,,,
43,36,,,,,,,
232,36,,,,,,,
32,36,,,,,,,
24,36,,,,,,,
42,36,,,,,,,
125,36,,,,,,,
31,36,,,,,,,
25,36,,,,,,,
226,36,,,,,,,
22,36,,,,,,,
103,35,,,,,,,
22,35,,,,,,,
48,35,,,,,,,
59,35,,,,,,,
104,35,,,,,,,
27,35,,,,,,,
25,35,,,,,,,
28,34,,,,,,,
30,34,,,,,,,
26,34,,,,,,,
25,34,,,,,,,
15,34,,,,,,,
45,34,,,,,,,
32,34,,,,,,,
31,34,,,,,,,
44,34,,,,,,,
22,34,,,,,,,
40,34,,,,,,,
17,34,,,,,,,
23,34,,,,,,,
26,33,,,,,,,
36,33,,,,,,,
53,33,,,,,,,
25,33,,,,,,,
57,33,,,,,,,
30,33,,,,,,,
32,33,,,,,,,
27,33,,,,,,,
23,33,,,,,,,
41,33,,,,,,,
45,32,,,,,,,
78,32,,,,,,,
25,32,,,,,,,
30,32,,,,,,,
41,32,,,,,,,
26,32,,,,,,,
35,32,,,,,,,
20,32,,,,,,,
85,32,,,,,,,
24,32,,,,,,,
40,32,,,,,,,
33,32,,,,,,,
22,32,,,,,,,
26,32,,,,,,,
24,32,,,,,,,
32,31,,,,,,,
24,31,,,,,,,
21,31,,,,,,,
26,31,,,,,,,
26,31,,,,,,,
17,31,,,,,,,
31,30,,,,,,,
19,30,,,,,,,
120,30,,,,,,,
25,30,,,,,,,
22,30,,,,,,,
26,30,,,,,,,
48,30,,,,,,,
24,29,,,,,,,
35,29,,,,,,,
143,29,,,,,,,
29,29,,,,,,,
15,29,,,,,,,
32,29,,,,,,,
25,29,,,,,,,
29,29,,,,,,,
54,29,,,,,,,
31,29,,,,,,,
22,29,,,,,,,
27,29,,,,,,,
25,29,,,,,,,
20,29,,,,,,,
28,28,,,,,,,
26,28,,,,,,,
119,28,,,,,,,
58,28,,,,,,,
118,28,,,,,,,
31,28,,,,,,,
30,27,,,,,,,
16,27,,,,,,,
17,27,,,,,,,
23,27,,,,,,,
71,27,,,,,,,
34,27,,,,,,,
19,27,,,,,,,
20,27,,,,,,,
23,27,,,,,,,
27,27,,,,,,,
13,27,,,,,,,
29,26,,,,,,,
147,26,,,,,,,
29,26,,,,,,,
21,26,,,,,,,
32,25,,,,,,,
30,25,,,,,,,
22,25,,,,,,,
25,25,,,,,,,
22,25,,,,,,,
16,25,,,,,,,
25,25,,,,,,,
20,25,,,,,,,
146,25,,,,,,,
61,25,,,,,,,
26,25,,,,,,,
69,24,,,,,,,
16,24,,,,,,,
34,24,,,,,,,
38,24,,,,,,,
16,24,,,,,,,
31,24,,,,,,,
16,24,,,,,,,
16,24,,,,,,,
22,24,,,,,,,
34,24,,,,,,,
20,24,,,,,,,
65,24,,,,,,,
26,24,,,,,,,
36,24,,,,,,,
31,24,,,,,,,
12,24,,,,,,,
19,24,,,,,,,
25,24,,,,,,,
14,23,,,,,,,
14,23,,,,,,,
19,23,,,,,,,
23,23,,,,,,,
37,23,,,,,,,
18,23,,,,,,,
19,23,,,,,,,
16,23,,,,,,,
18,23,,,,,,,
16,23,,,,,,,
19,23,,,,,,,
25,23,,,,,,,
20,23,,,,,,,
13,23,,,,,,,
25,22,,,,,,,
42,22,,,,,,,
15,22,,,,,,,
34,22,,,,,,,
31,22,,,,,,,
25,22,,,,,,,
28,22,,,,,,,
50,22,,,,,,,
26,22,,,,,,,
17,22,,,,,,,
143,22,,,,,,,
23,22,,,,,,,
20,22,,,,,,,
15,22,,,,,,,
14,21,,,,,,,
18,21,,,,,,,
23,21,,,,,,,
19,21,,,,,,,
19,21,,,,,,,
53,21,,,,,,,
21,21,,,,,,,
23,21,,,,,,,
17,21,,,,,,,
19,21,,,,,,,
18,21,,,,,,,
60,21,,,,,,,
54,21,,,,,,,
28,21,,,,,,,
14,20,,,,,,,
14,20,,,,,,,
18,20,,,,,,,
19,20,,,,,,,
23,20,,,,,,,
11,20,,,,,,,
196,20,,,,,,,
25,20,,,,,,,
12,20,,,,,,,
17,20,,,,,,,
16,20,,,,,,,
21,20,,,,,,,
14,20,,,,,,,
29,20,,,,,,,
29,20,,,,,,,
63,20,,,,,,,
15,20,,,,,,,
17,20,,,,,,,
14,19,,,,,,,
23,19,,,,,,,
20,19,,,,,,,
29,19,,,,,,,
22,19,,,,,,,
12,19,,,,,,,
15,19,,,,,,,
12,19,,,,,,,
34,19,,,,,,,
14,19,,,,,,,
23,19,,,,,,,
23,19,,,,,,,
28,19,,,,,,,
19,19,,,,,,,
17,19,,,,,,,
17,19,,,,,,,
21,19,,,,,,,
13,19,,,,,,,
20,19,,,,,,,
27,19,,,,,,,
20,19,,,,,,,
22,18,,,,,,,
12,18,,,,,,,
15,18,,,,,,,
18,18,,,,,,,
14,18,,,,,,,
69,18,,,,,,,
12,18,,,,,,,
25,18,,,,,,,
13,18,,,,,,,
20,18,,,,,,,
177,18,,,,,,,
18,18,,,,,,,
24,18,,,,,,,
28,18,,,,,,,
14,18,,,,,,,
15,18,,,,,,,
197,18,,,,,,,
11,18,,,,,,,
15,18,,,,,,,
109,18,,,,,,,
13,18,,,,,,,
15,18,,,,,,,
21,17,,,,,,,
23,17,,,,,,,
28,17,,,,,,,
11,17,,,,,,,
34,17,,,,,,,
13,17,,,,,,,
15,17,,,,,,,
19,17,,,,,,,
21,17,,,,,,,
11,17,,,,,,,
20,17,,,,,,,
9,17,,,,,,,
19,16,,,,,,,
10,16,,,,,,,
11,16,,,,,,,
14,16,,,,,,,
17,16,,,,,,,
13,16,,,,,,,
12,16,,,,,,,
5,16,,,,,,,
18,16,,,,,,,
19,16,,,,,,,
10,16,,,,,,,
113,16,,,,,,,
15,16,,,,,,,
22,16,,,,,,,
181,16,,,,,,,
13,16,,,,,,,
10,16,,,,,,,
11,16,,,,,,,
86,16,,,,,,,
10,16,,,,,,,
17,16,,,,,,,
9,15,,,,,,,
11,15,,,,,,,
13,15,,,,,,,
15,15,,,,,,,
15,15,,,,,,,
14,15,,,,,,,
12,15,,,,,,,
18,15,,,,,,,
15,15,,,,,,,
17,15,,,,,,,
19,15,,,,,,,
6,15,,,,,,,
17,15,,,,,,,
16,15,,,,,,,
9,15,,,,,,,
18,15,,,,,,,
45,15,,,,,,,
43,15,,,,,,,
31,15,,,,,,,
16,15,,,,,,,
15,15,,,,,,,
18,15,,,,,,,
10,15,,,,,,,
50,15,,,,,,,
17,14,,,,,,,
18,14,,,,,,,
59,14,,,,,,,
20,14,,,,,,,
32,14,,,,,,,
268,14,,,,,,,
9,14,,,,,,,
27,14,,,,,,,
10,14,,,,,,,
35,14,,,,,,,
8,14,,,,,,,
10,14,,,,,,,
57,14,,,,,,,
35,14,,,,,,,
13,14,,,,,,,
19,14,,,,,,,
10,14,,,,,,,
73,14,,,,,,,
9,14,,,,,,,
9,14,,,,,,,
17,14,,,,,,,
20,13,,,,,,,
7,13,,,,,,,
8,13,,,,,,,
10,13,,,,,,,
13,13,,,,,,,
23,13,,,,,,,
12,13,,,,,,,
6,13,,,,,,,
13,13,,,,,,,
11,13,,,,,,,
27,13,,,,,,,
13,13,,,,,,,
23,13,,,,,,,
20,13,,,,,,,
27,13,,,,,,,
14,13,,,,,,,
9,13,,,,,,,
20,13,,,,,,,
13,13,,,,,,,
19,13,,,,,,,
9,13,,,,,,,
17,13,,,,,,,
10,13,,,,,,,
6,13,,,,,,,
10,13,,,,,,,
10,13,,,,,,,
26,13,,,,,,,
10,13,,,,,,,
26,13,,,,,,,
11,13,,,,,,,
85,12,,,,,,,
12,12,,,,,,,
334,12,,,,,,,
10,12,,,,,,,
15,12,,,,,,,
20,12,,,,,,,
188,12,,,,,,,
13,12,,,,,,,
13,12,,,,,,,
9,12,,,,,,,
15,12,,,,,,,
14,12,,,,,,,
7,12,,,,,,,
42,12,,,,,,,
14,12,,,,,,,
8,12,,,,,,,
15,12,,,,,,,
10,12,,,,,,,
14,12,,,,,,,
16,12,,,,,,,
10,12,,,,,,,
16,12,,,,,,,
15,12,,,,,,,
54,12,,,,,,,
11,12,,,,,,,
208,12,,,,,,,
47,12,,,,,,,
14,12,,,,,,,
10,12,,,,,,,
12,12,,,,,,,
10,12,,,,,,,
48,12,,,,,,,
15,12,,,,,,,
20,12,,,,,,,
7,12,,,,,,,
15,12,,,,,,,
12,12,,,,,,,
35,12,,,,,,,
91,12,,,,,,,
15,12,,,,,,,
9,11,,,,,,,
9,11,,,,,,,
9,11,,,,,,,
9,11,,,,,,,
10,11,,,,,,,
25,11,,,,,,,
20,11,,,,,,,
11,11,,,,,,,
4,11,,,,,,,
10,11,,,,,,,
41,11,,,,,,,
7,11,,,,,,,
13,11,,,,,,,
9,11,,,,,,,
10,11,,,,,,,
18,11,,,,,,,
10,11,,,,,,,
33,11,,,,,,,
10,11,,,,,,,
9,11,,,,,,,
10,11,,,,,,,
9,11,,,,,,,
7,11,,,,,,,
29,11,,,,,,,
6,11,,,,,,,
109,11,,,,,,,
53,11,,,,,,,
11,11,,,,,,,
37,11,,,,,,,
9,11,,,,,,,
12,11,,,,,,,
9,11,,,,,,,
13,11,,,,,,,
10,10,,,,,,,
9,10,,,,,,,
9,10,,,,,,,
29,10,,,,,,,
9,10,,,,,,,
4,10,,,,,,,
6,10,,,,,,,
5,10,,,,,,,
92,10,,,,,,,
14,10,,,,,,,
5,10,,,,,,,
4,10,,,,,,,
10,10,,,,,,,
16,10,,,,,,,
9,10,,,,,,,
11,10,,,,,,,
7,10,,,,,,,
29,10,,,,,,,
22,10,,,,,,,
23,10,,,,,,,
6,10,,,,,,,
35,10,,,,,,,
121,10,,,,,,,
10,10,,,,,,,
27,10,,,,,,,
22,10,,,,,,,
11,10,,,,,,,
10,10,,,,,,,
79,10,,,,,,,
13,10,,,,,,,
8,9,,,,,,,
8,9,,,,,,,
15,9,,,,,,,
11,9,,,,,,,
11,9,,,,,,,
23,9,,,,,,,
6,9,,,,,,,
9,9,,,,,,,
7,9,,,,,,,
12,9,,,,,,,
44,9,,,,,,,
6,9,,,,,,,
6,9,,,,,,,
11,9,,,,,,,
8,9,,,,,,,
11,9,,,,,,,
10,9,,,,,,,
23,9,,,,,,,
66,9,,,,,,,
11,9,,,,,,,
6,9,,,,,,,
11,9,,,,,,,
9,9,,,,,,,
28,9,,,,,,,
9,9,,,,,,,
9,9,,,,,,,
27,9,,,,,,,
55,9,,,,,,,
8,9,,,,,,,
4,9,,,,,,,
12,9,,,,,,,
193,9,,,,,,,
11,9,,,,,,,
10,9,,,,,,,
6,9,,,,,,,
7,9,,,,,,,
8,9,,,,,,,
13,9,,,,,,,
6,9,,,,,,,
4,8,,,,,,,
12,8,,,,,,,
9,8,,,,,,,
90,8,,,,,,,
12,8,,,,,,,
7,8,,,,,,,
11,8,,,,,,,
10,8,,,,,,,
6,8,,,,,,,
20,8,,,,,,,
6,8,,,,,,,
5,8,,,,,,,
448,8,,,,,,,
12,8,,,,,,,
3,8,,,,,,,
17,8,,,,,,,
6,8,,,,,,,
7,8,,,,,,,
6,8,,,,,,,
87,8,,,,,,,
8,8,,,,,,,
18,8,,,,,,,
10,8,,,,,,,
13,8,,,,,,,
49,8,,,,,,,
9,8,,,,,,,
4,8,,,,,,,
8,8,,,,,,,
21,8,,,,,,,
7,8,,,,,,,
18,8,,,,,,,
11,8,,,,,,,
18,8,,,,,,,
13,8,,,,,,,
13,8,,,,,,,
5,8,,,,,,,
221,8,,,,,,,
3,8,,,,,,,
5,8,,,,,,,
9,8,,,,,,,
7,8,,,,,,,
7,8,,,,,,,
4,8,,,,,,,
5,8,,,,,,,
11,8,,,,,,,
12,8,,,,,,,
9,8,,,,,,,
6,8,,,,,,,
5,8,,,,,,,
8,8,,,,,,,
7,8,,,,,,,
5,7,,,,,,,
39,7,,,,,,,
66,7,,,,,,,
25,7,,,,,,,
15,7,,,,,,,
5,7,,,,,,,
10,7,,,,,,,
7,7,,,,,,,
18,7,,,,,,,
11,7,,,,,,,
6,7,,,,,,,
228,7,,,,,,,
6,7,,,,,,,
24,7,,,,,,,
4,7,,,,,,,
11,7,,,,,,,
19,7,,,,,,,
233,7,,,,,,,
8,7,,,,,,,
4,7,,,,,,,
8,7,,,,,,,
12,7,,,,,,,
7,7,,,,,,,
5,7,,,,,,,
7,7,,,,,,,
28,7,,,,,,,
9,7,,,,,,,
57,7,,,,,,,
8,7,,,,,,,
8,7,,,,,,,
6,7,,,,,,,
136,7,,,,,,,
27,7,,,,,,,
10,7,,,,,,,
71,7,,,,,,,
10,7,,,,,,,
6,7,,,,,,,
7,7,,,,,,,
4,7,,,,,,,
4,7,,,,,,,
5,7,,,,,,,
4,7,,,,,,,
7,7,,,,,,,
62,7,,,,,,,
5,7,,,,,,,
5,6,,,,,,,
19,6,,,,,,,
9,6,,,,,,,
7,6,,,,,,,
161,6,,,,,,,
10,6,,,,,,,
11,6,,,,,,,
6,6,,,,,,,
31,6,,,,,,,
9,6,,,,,,,
5,6,,,,,,,
5,6,,,,,,,
7,6,,,,,,,
3,6,,,,,,,
5,6,,,,,,,
38,6,,,,,,,
14,6,,,,,,,
58,6,,,,,,,
4,6,,,,,,,
24,6,,,,,,,
6,6,,,,,,,
40,6,,,,,,,
7,6,,,,,,,
17,6,,,,,,,
3,6,,,,,,,
4,6,,,,,,,
11,6,,,,,,,
44,6,,,,,,,
11,6,,,,,,,
4,6,,,,,,,
8,6,,,,,,,
5,6,,,,,,,
22,6,,,,,,,
10,6,,,,,,,
15,6,,,,,,,
247,6,,,,,,,
7,6,,,,,,,
4,6,,,,,,,
7,6,,,,,,,
7,6,,,,,,,
5,6,,,,,,,
5,6,,,,,,,
6,6,,,,,,,
6,6,,,,,,,
6,6,,,,,,,
200,6,,,,,,,
31,6,,,,,,,
6,6,,,,,,,
15,6,,,,,,,
12,6,,,,,,,
2,6,,,,,,,
2,5,,,,,,,
7,5,,,,,,,
6,5,,,,,,,
10,5,,,,,,,
2,5,,,,,,,
3,5,,,,,,,
36,5,,,,,,,
3,5,,,,,,,
8,5,,,,,,,
5,5,,,,,,,
4,5,,,,,,,
4,5,,,,,,,
3,5,,,,,,,
3,5,,,,,,,
138,5,,,,,,,
4,5,,,,,,,
7,5,,,,,,,
5,5,,,,,,,
4,5,,,,,,,
7,5,,,,,,,
5,5,,,,,,,
38,5,,,,,,,
8,5,,,,,,,
4,5,,,,,,,
9,5,,,,,,,
8,5,,,,,,,
5,5,,,,,,,
4,5,,,,,,,
9,5,,,,,,,
250,5,,,,,,,
4,5,,,,,,,
2,5,,,,,,,
5,5,,,,,,,
4,5,,,,,,,
5,5,,,,,,,
7,5,,,,,,,
2,5,,,,,,,
4,5,,,,,,,
4,5,,,,,,,
12,5,,,,,,,
7,5,,,,,,,
5,5,,,,,,,
3,5,,,,,,,
11,5,,,,,,,
4,5,,,,,,,
6,5,,,,,,,
3,5,,,,,,,
9,5,,,,,,,
5,5,,,,,,,
5,5,,,,,,,
2,5,,,,,,,
5,5,,,,,,,
23,5,,,,,,,
17,5,,,,,,,
2,5,,,,,,,
6,5,,,,,,,
4,5,,,,,,,
4,5,,,,,,,
5,5,,,,,,,
18,5,,,,,,,
8,5,,,,,,,
3,5,,,,,,,
6,5,,,,,,,
12,5,,,,,,,
5,5,,,,,,,
15,5,,,,,,,
3,5,,,,,,,
7,5,,,,,,,
5,4,,,,,,,
4,4,,,,,,,
12,4,,,,,,,
3,4,,,,,,,
16,4,,,,,,,
5,4,,,,,,,
53,4,,,,,,,
7,4,,,,,,,
2,4,,,,,,,
23,4,,,,,,,
8,4,,,,,,,
4,4,,,,,,,
33,4,,,,,,,
4,4,,,,,,,
12,4,,,,,,,
344,4,,,,,,,
5,4,,,,,,,
6,4,,,,,,,
119,4,,,,,,,
2,4,,,,,,,
71,4,,,,,,,
179,4,,,,,,,
3,4,,,,,,,
2,4,,,,,,,
4,4,,,,,,,
13,4,,,,,,,
6,4,,,,,,,
87,4,,,,,,,
3,4,,,,,,,
9,4,,,,,,,
2,4,,,,,,,
5,4,,,,,,,
242,4,,,,,,,
299,4,,,,,,,
5,4,,,,,,,
1,4,,,,,,,
2,4,,,,,,,
14,4,,,,,,,
4,4,,,,,,,
21,4,,,,,,,
18,4,,,,,,,
5,4,,,,,,,
3,4,,,,,,,
5,4,,,,,,,
5,4,,,,,,,
20,4,,,,,,,
4,4,,,,,,,
2,4,,,,,,,
31,4,,,,,,,
4,4,,,,,,,
18,4,,,,,,,
4,4,,,,,,,
4,4,,,,,,,
7,4,,,,,,,
40,4,,,,,,,
12,4,,,,,,,
6,4,,,,,,,
7,4,,,,,,,
2,4,,,,,,,
4,4,,,,,,,
123,4,,,,,,,
3,4,,,,,,,
87,4,,,,,,,
4,4,,,,,,,
5,4,,,,,,,
23,4,,,,,,,
3,4,,,,,,,
5,4,,,,,,,
28,4,,,,,,,
3,4,,,,,,,
6,4,,,,,,,
11,4,,,,,,,
6,4,,,,,,,
2,4,,,,,,,
3,4,,,,,,,
5,4,,,,,,,
4,3,,,,,,,
24,3,,,,,,,
9,3,,,,,,,
2,3,,,,,,,
3,3,,,,,,,
2,3,,,,,,,
3,3,,,,,,,
111,3,,,,,,,
13,3,,,,,,,
40,3,,,,,,,
5,3,,,,,,,
5,3,,,,,,,
2,3,,,,,,,
11,3,,,,,,,
6,3,,,,,,,
5,3,,,,,,,
2,3,,,,,,,
5,3,,,,,,,
1,3,,,,,,,
3,3,,,,,,,
2,3,,,,,,,
3,3,,,,,,,
6,3,,,,,,,
58,3,,,,,,,
4,3,,,,,,,
6,3,,,,,,,
6,3,,,,,,,
3,3,,,,,,,
5,3,,,,,,,
3,3,,,,,,,
4,3,,,,,,,
2,3,,,,,,,
6,3,,,,,,,
2,3,,,,,,,
3,3,,,,,,,
38,3,,,,,,,
3,3,,,,,,,
2,3,,,,,,,
3,3,,,,,,,
5,3,,,,,,,
70,3,,,,,,,
378,3,,,,,,,
4,3,,,,,,,
2,3,,,,,,,
12,3,,,,,,,
164,3,,,,,,,
4,3,,,,,,,
31,3,,,,,,,
2,3,,,,,,,
2,3,,,,,,,
5,3,,,,,,,
5,3,,,,,,,
1,3,,,,,,,
26,3,,,,,,,
3,3,,,,,,,
3,3,,,,,,,
2,3,,,,,,,
3,3,,,,,,,
5,3,,,,,,,
4,3,,,,,,,
6,3,,,,,,,
6,3,,,,,,,
4,3,,,,,,,
5,3,,,,,,,
1,3,,,,,,,
1,3,,,,,,,
2,3,,,,,,,
2,3,,,,,,,
3,3,,,,,,,
375,3,,,,,,,
2,3,,,,,,,
34,3,,,,,,,
4,3,,,,,,,
4,3,,,,,,,
55,3,,,,,,,
66,3,,,,,,,
6,3,,,,,,,
2,3,,,,,,,
5,3,,,,,,,
7,3,,,,,,,
10,3,,,,,,,
3,3,,,,,,,
25,3,,,,,,,
127,3,,,,,,,
4,3,,,,,,,
6,3,,,,,,,
1,3,,,,,,,
3,3,,,,,,,
12,3,,,,,,,
5,3,,,,,,,
127,3,,,,,,,
3,3,,,,,,,
2,3,,,,,,,
4,3,,,,,,,
4,3,,,,,,,
3,3,,,,,,,
15,3,,,,,,,
4,3,,,,,,,
4,3,,,,,,,
30,3,,,,,,,
265,3,,,,,,,
8,3,,,,,,,
2,3,,,,,,,
4,2,,,,,,,
2,2,,,,,,,
2,2,,,,,,,
81,2,,,,,,,
2,2,,,,,,,
5,2,,,,,,,
5,2,,,,,,,
4,2,,,,,,,
8,2,,,,,,,
64,2,,,,,,,
3,2,,,,,,,
2,2,,,,,,,
21,2,,,,,,,
1,2,,,,,,,
1,2,,,,,,,
5,2,,,,,,,
4,2,,,,,,,
4,2,,,,,,,
3,2,,,,,,,
16,2,,,,,,,
2,2,,,,,,,
3,2,,,,,,,
5,2,,,,,,,
2,2,,,,,,,
3,2,,,,,,,
4,2,,,,,,,
4,2,,,,,,,
2,2,,,,,,,
4,2,,,,,,,
143,2,,,,,,,
6,2,,,,,,,
8,2,,,,,,,
1,2,,,,,,,
2,2,,,,,,,
12,2,,,,,,,
3,2,,,,,,,
4,2,,,,,,,
7,2,,,,,,,
3,2,,,,,,,
5,2,,,,,,,
2,2,,,,,,,
8,2,,,,,,,
5,2,,,,,,,
11,2,,,,,,,
1,2,,,,,,,
1,2,,,,,,,
2,2,,,,,,,
3,2,,,,,,,
7,2,,,,,,,
2,2,,,,,,,
185,2,,,,,,,
4,2,,,,,,,
1,2,,,,,,,
5,2,,,,,,,
3,2,,,,,,,
4,2,,,,,,,
39,2,,,,,,,
102,2,,,,,,,
3,2,,,,,,,
6,2,,,,,,,
3,2,,,,,,,
16,2,,,,,,,
2,2,,,,,,,
3,2,,,,,,,
3,2,,,,,,,
1,2,,,,,,,
41,2,,,,,,,
5,2,,,,,,,
2,2,,,,,,,
2,2,,,,,,,
5,2,,,,,,,
3,2,,,,,,,
2,2,,,,,,,
40,2,,,,,,,
3,2,,,,,,,
2,2,,,,,,,
2,2,,,,,,,
2,2,,,,,,,
3,2,,,,,,,
1,2,,,,,,,
39,2,,,,,,,
1,2,,,,,,,
2,2,,,,,,,
3,2,,,,,,,
6,2,,,,,,,
1,2,,,,,,,
27,2,,,,,,,
9,2,,,,,,,
2,2,,,,,,,
2,2,,,,,,,
40,2,,,,,,,
3,2,,,,,,,
2,2,,,,,,,
1,2,,,,,,,
3,2,,,,,,,
3,2,,,,,,,
1,2,,,,,,,
8,2,,,,,,,
19,2,,,,,,,
1,2,,,,,,,
2,2,,,,,,,
2,2,,,,,,,
4,2,,,,,,,
2,2,,,,,,,
2,2,,,,,,,
10,2,,,,,,,
150,2,,,,,,,
2,2,,,,,,,
21,2,,,,,,,
2,2,,,,,,,
82,2,,,,,,,
68,2,,,,,,,
1,2,,,,,,,
11,2,,,,,,,
1,2,,,,,,,
2,2,,,,,,,
2,2,,,,,,,
2,2,,,,,,,
4,2,,,,,,,
2,2,,,,,,,
3,2,,,,,,,
4,2,,,,,,,
1,2,,,,,,,
2,2,,,,,,,
1,2,,,,,,,
1,2,,,,,,,
2,1,,,,,,,
1,1,,,,,,,
1,1,,,,,,,
6,1,,,,,,,
2,1,,,,,,,
1,1,,,,,,,
1,1,,,,,,,
4,1,,,,,,,
6,1,,,,,,,
4,1,,,,,,,
2,1,,,,,,,
1,1,,,,,,,
3,1,,,,,,,
50,1,,,,,,,
2,1,,,,,,,
2,1,,,,,,,
5,1,,,,,,,
14,1,,,,,,,
1,1,,,,,,,
1,1,,,,,,,
10,1,,,,,,,
3,1,,,,,,,
3,1,,,,,,,
26,1,,,,,,,
2,1,,,,,,,
26,1,,,,,,,
2,1,,,,,,,
18,1,,,,,,,
2,1,,,,,,,
59,1,,,,,,,
3,1,,,,,,,
2,1,,,,,,,
3,1,,,,,,,
34,1,,,,,,,
3,1,,,,,,,
13,1,,,,,,,
3,1,,,,,,,
350,1,,,,,,,
1,1,,,,,,,
6,1,,,,,,,
6,1,,,,,,,
46,1,,,,,,,
1,1,,,,,,,
280,1,,,,,,,
7,1,,,,,,,
2,1,,,,,,,
15,1,,,,,,,
1,1,,,,,,,
1,1,,,,,,,
11,1,,,,,,,
108,1,,,,,,,
1,1,,,,,,,
3,1,,,,,,,
3,1,,,,,,,
1,1,,,,,,,
128,1,,,,,,,
2,1,,,,,,,
111,1,,,,,,,
2,1,,,,,,,
1,1,,,,,,,
1,1,,,,,,,
22,1,,,,,,,
4,1,,,,,,,
18,1,,,,,,,
25,1,,,,,,,
39,1,,,,,,,
63,1,,,,,,,
4,1,,,,,,,
2,1,,,,,,,
79,1,,,,,,,
2,1,,,,,,,
1,1,,,,,,,
10,1,,,,,,,
4,1,,,,,,,
2,1,,,,,,,
14,1,,,,,,,
104,1,,,,,,,
1,1,,,,,,,
6,1,,,,,,,
32,1,,,,,,,
8,1,,,,,,,
1,1,,,,,,,
74,1,,,,,,,
1,1,,,,,,,
1,1,,,,,,,
1,1,,,,,,,
10,1,,,,,,,
2,1,,,,,,,
42,1,,,,,,,
3,1,,,,,,,
288,1,,,,,,,
75,1,,,,,,,
4,1,,,,,,,
3,1,,,,,,,
1,1,,,,,,,
3,1,,,,,,,
1,1,,,,,,,
4,1,,,,,,,
2,1,,,,,,,
2,1,,,,,,,
1,1,,,,,,,
1,1,,,,,,,
23,1,,,,,,,
2,1,,,,,,,
24,1,,,,,,,
5,1,,,,,,,
1,1,,,,,,,
2,1,,,,,,,
24,1,,,,,,,
2,1,,,,,,,
2,1,,,,,,,
3,1,,,,,,,
49,1,,,,,,,
2,1,,,,,,,
2,1,,,,,,,
6,1,,,,,,,
1,1,,,,,,,
3,1,,,,,,,
2,1,,,,,,,
9,1,,,,,,,
224,1,,,,,,,
1,1,,,,,,,
3,1,,,,,,,
1,1,,,,,,,
2,1,,,,,,,
36,1,,,,,,,
1,1,,,,,,,
5,1,,,,,,,
1,1,,,,,,,
2,1,,,,,,,
1,1,,,,,,,
4,1,,,,,,,
3,1,,,,,,,
2,1,,,,,,,
1,1,,,,,,,
1,1,,,,,,,
3,1,,,,,,,
1,1,,,,,,,
75,1,,,,,,,
68,1,,,,,,,
2,1,,,,,,,
2,1,,,,,,,
2,1,,,,,,,
2,1,,,,,,,
1,1,,,,,,,
26,1,,,,,,,
51,1,,,,,,,
4,1,,,,,,,
12,1,,,,,,,
9,1,,,,,,,
1,1,,,,,,,
2,1,,,,,,,
1,1,,,,,,,
22,1,,,,,,,
3,1,,,,,,,
1,1,,,,,,,
41,1,,,,,,,
2,1,,,,,,,
15,1,,,,,,,
3,1,,,,,,,
43,1,,,,,,,
17,1,,,,,,,
102,1,,,,,,,
2,1,,,,,,,
1,1,,,,,,,
3,1,,,,,,,
2,1,,,,,,,
4,1,,,,,,,
35,1,,,,,,,
5,1,,,,,,,
57,1,,,,,,,
3,1,,,,,,,
1,1,,,,,,,
42,1,,,,,,,
6,1,,,,,,,
1,1,,,,,,,
2,1,,,,,,,
6,0,,,,,,,
1,0,,,,,,,
7,0,,,,,,,
1,0,,,,,,,
1,0,,,,,,,
44,0,,,,,,,
1,0,,,,,,,
37,0,,,,,,,
8,0,,,,,,,
2,0,,,,,,,
1,0,,,,,,,
1,0,,,,,,,
60,0,,,,,,,
3,0,,,,,,,
18,0,,,,,,,
1,0,,,,,,,
268,0,,,,,,,
31,0,,,,,,,
1,0,,,,,,,
22,0,,,,,,,
4,0,,,,,,,
32,0,,,,,,,
6,0,,,,,,,
13,0,,,,,,,
5,0,,,,,,,
24,0,,,,,,,
5,0,,,,,,,
2,0,,,,,,,
1,0,,,,,,,
2,0,,,,,,,
181,0,,,,,,,
2,0,,,,,,,
2,0,,,,,,,
2,0,,,,,,,
1,0,,,,,,,
34,0,,,,,,,
16,0,,,,,,,
4,0,,,,,,,
2,0,,,,,,,
6,0,,,,,,,
6,0,,,,,,,
6,0,,,,,,,
1,0,,,,,,,
48,0,,,,,,,
1,0,,,,,,,
3,0,,,,,,,
1,0,,,,,,,
1,0,,,,,,,
75,0,,,,,,,
13,0,,,,,,,
4,0,,,,,,,
1,0,,,,,,,
1,0,,,,,,,
1,0,,,,,,,
82,0,,,,,,,
64,0,,,,,,,
1,0,,,,,,,
2,0,,,,,,,
5,0,,,,,,,
6,0,,,,,,,
3,0,,,,,,,
75,0,,,,,,,
18,0,,,,,,,
3,0,,,,,,,
2,0,,,,,,,
2,0,,,,,,,
1,0,,,,,,,
6,0,,,,,,,
25,0,,,,,,,
213,0,,,,,,,
20,0,,,,,,,
4,0,,,,,,,
1,0,,,,,,,
3,0,,,,,,,
147,0,,,,,,,
35,0,,,,,,,
1,0,,,,,,,
5,0,,,,,,,
114,0,,,,,,,
84,0,,,,,,,
1,0,,,,,,,
3,0,,,,,,,
20,0,,,,,,,
39,0,,,,,,,
161,0,,,,,,,
1,0,,,,,,,
238,0,,,,,,,
6,0,,,,,,,
2,0,,,,,,,
1,0,,,,,,,
89,0,,,,,,,
97,0,,,,,,,
1,0,,,,,,,
4,0,,,,,,,
4,0,,,,,,,
31,0,,,,,,,
1,0,,,,,,,
1,0,,,,,,,
1,0,,,,,,,
12,0,,,,,,,
2,0,,,,,,,
1,0,,,,,,,
3,0,,,,,,,
17,0,,,,,,,
2,0,,,,,,,
1,0,,,,,,,
54,0,,,,,,,
3,0,,,,,,,
2,0,,,,,,,
2,0,,,,,,,
1,0,,,,,,,
28,0,,,,,,,
3,0,,,,,,,
1,0,,,,,,,
2,0,,,,,,,
39,0,,,,,,,
5,0,,,,,,,
185,0,,,,,,,
4,0,,,,,,,
122,0,,,,,,,
12,0,,,,,,,
2,0,,,,,,,
25,0,,,,,,,
86,0,,,,,,,
158,0,,,,,,,
1,0,,,,,,,
1,0,,,,,,,
3,0,,,,,,,
64,0,,,,,,,
63,0,,,,,,,
4,0,,,,,,,
213,0,,,,,,,
7,0,,,,,,,
1,0,,,,,,,
20,0,,,,,,,
2,0,,,,,,,
1,0,,,,,,,
6,0,,,,,,,
117,0,,,,,,,
33,0,,,,,,,
2,0,,,,,,,
1,0,,,,,,,
7,0,,,,,,,
1,0,,,,,,,
18,0,,,,,,,
1,0,,,,,,,
73,0,,,,,,,
162,0,,,,,,,
63,0,,,,,,,
9,0,,,,,,,
4,0,,,,,,,
28,0,,,,,,,
1,0,,,,,,,
4,0,,,,,,,
56,0,,,,,,,
1,0,,,,,,,
2,0,,,,,,,
2,0,,,,,,,
15,0,,,,,,,
10,0,,,,,,,
2,0,,,,,,,
1,0,,,,,,,
2,0,,,,,,,
1,0,,,,,,,
67,0,,,,,,,
16,0,,,,,,,
11,0,,,,,,,
3,0,,,,,,,
2,0,,,,,,,
4,0,,,,,,,
90,0,,,,,,,
1,0,,,,,,,
1,0,,,,,,,
1,0,,,,,,,
2,0,,,,,,,
1,0,,,,,,,
1,0,,,,,,,
2,0,,,,,,,
3,0,,,,,,,
2,0,,,,,,,
1,0,,,,,,,
6,0,,,,,,,
1,0,,,,,,,
21,0,,,,,,,
2,0,,,,,,,
3,0,,,,,,,
5,0,,,,,,,
1,0,,,,,,,
52,0,,,,,,,
2,0,,,,,,,
1,0,,,,,,,
3,0,,,,,,,
5,0,,,,,,,
3,0,,,,,,,
4,0,,,,,,,
15,0,,,,,,,
198,0,,,,,,,
2,0,,,,,,,
2,0,,,,,,,
8,0,,,,,,,
245,0,,,,,,,
1,0,,,,,,,
7,0,,,,,,,
1,0,,,,,,,
2,0,,,,,,,
45,0,,,,,,,
3,0,,,,,,,
1,0,,,,,,,
48,0,,,,,,,
78,0,,,,,,,
1,0,,,,,,,
39,0,,,,,,,
2,0,,,,,,,
2,0,,,,,,,
3,0,,,,,,,
116,0,,,,,,,
3,0,,,,,,,
56,0,,,,,,,
1,0,,,,,,,
10,0,,,,,,,
1,0,,,,,,,
2,0,,,,,,,
1,0,,,,,,,
4,0,,,,,,,
4,0,,,,,,,
136,0,,,,,,,
1,0,,,,,,,
1,0,,,,,,,
3,0,,,,,,,
2,0,,,,,,,
4,0,,,,,,,
42,0,,,,,,,
47,0,,,,,,,
1,0,,,,,,,
28,0,,,,,,,
2,0,,,,,,,
51,0,,,,,,,
5,0,,,,,,,
2,0,,,,,,,
1,0,,,,,,,
127,0,,,,,,,
2,0,,,,,,,
204,0,,,,,,,
2,0,,,,,,,
29,0,,,,,,,
1,0,,,,,,,
2,0,,,,,,,
228,0,,,,,,,
1,0,,,,,,,
3,0,,,,,,,
2,0,,,,,,,
41,0,,,,,,,
16,0,,,,,,,
26,0,,,,,,,
1,0,,,,,,,
46,0,,,,,,,
2,0,,,,,,,
3,0,,,,,,,
129,0,,,,,,,
6,0,,,,,,,
1,0,,,,,,,
10,0,,,,,,,
116,0,,,,,,,
20,0,,,,,,,
1,0,,,,,,,
1,0,,,,,,,
3,0,,,,,,,
7,0,,,,,,,
90,0,,,,,,,
3,0,,,,,,,
10,0,,,,,,,
149,0,,,,,,,
56,0,,,,,,,
1,0,,,,,,,
1,0,,,,,,,
1,0,,,,,,,
9,0,,,,,,,
9,-,,,,,,,
2,-,,,,,,,
1,-,,,,,,,
3,-,,,,,,,
4,-,,,,,,,
5,-,,,,,,,
5,-,,,,,,,
18,-,,,,,,,
17,-,,,,,,,
2,-,,,,,,,
4,-,,,,,,,
4,-,,,,,,,
1,-,,,,,,,
2,-,,,,,,,
3,-,,,,,,,
29,-,,,,,,,
3,-,,,,,,,
9,-,,,,,,,
5,-,,,,,,,
18,-,,,,,,,
17,-,,,,,,,
181,-,,,,,,,
38,-,,,,,,,
2,-,,,,,,,
15,-,,,,,,,
4,-,,,,,,,
1,-,,,,,,,
1,-,,,,,,,
3,-,,,,,,,
13,-,,,,,,,
2,-,,,,,,,
13,-,,,,,,,
2,-,,,,,,,
16,-,,,,,,,
2,-,,,,,,,
2,-,,,,,,,
54,-,,,,,,,
3,-,,,,,,,
9,-,,,,,,,
6,-,,,,,,,
2,-,,,,,,,
5,-,,,,,,,
74,-,,,,,,,
29,-,,,,,,,
7,-,,,,,,,
62,-,,,,,,,
90,-,,,,,,,
1,-,,,,,,,
21,-,,,,,,,
74,-,,,,,,,
1,-,,,,,,,
16,-,,,,,,,
14,-,,,,,,,
6,-,,,,,,,
22,-,,,,,,,
1,-,,,,,,,
2,-,,,,,,,
2,-,,,,,,,
10,-,,,,,,,
47,-,,,,,,,
2,-,,,,,,,
13,-,,,,,,,
7,-,,,,,,,
1,-,,,,,,,
10,-,,,,,,,
3,-,,,,,,,
1,-,,,,,,,
1,-,,,,,,,
19,-,,,,,,,
15,-,,,,,,,
2,-,,,,,,,
38,-,,,,,,,
2,-,,,,,,,
3,-,,,,,,,
14,-,,,,,,,
295,-,,,,,,,
110,-,,,,,,,
15,-,,,,,,,
25,-,,,,,,,
5,-,,,,,,,
39,-,,,,,,,
7,-,,,,,,,
46,-,,,,,,,
5,-,,,,,,,
16,-,,,,,,,
1,-,,,,,,,
6,-,,,,,,,
1,-,,,,,,,
3,-,,,,,,,
142,-,,,,,,,
17,-,,,,,,,
2,-,,,,,,,
29,-,,,,,,,
111,-,,,,,,,
11,-,,,,,,,
2,-,,,,,,,
8,-,,,,,,,
38,-,,,,,,,
146,-,,,,,,,
7,-,,,,,,,
5,-,,,,,,,
3,-,,,,,,,
11,-,,,,,,,
7,-,,,,,,,
2,-,,,,,,,
14,-,,,,,,,
20,-,,,,,,,
21,-,,,,,,,
5,-,,,,,,,
16,-,,,,,,,
3,-,,,,,,,
92,-,,,,,,,
6,-,,,,,,,
4,-,,,,,,,
8,-,,,,,,,
39,-,,,,,,,
1,-,,,,,,,
1,-,,,,,,,
13,-,,,,,,,
2,-,,,,,,,
52,-,,,,,,,
19,-,,,,,,,
18,-,,,,,,,
4,-,,,,,,,
5,-,,,,,,,
16,-,,,,,,,
2,-,,,,,,,
5,-,,,,,,,
4,-,,,,,,,
8,-,,,,,,,
3,-,,,,,,,
2,-,,,,,,,
31,-,,,,,,,
115,-,,,,,,,
12,-,,,,,,,
3,-,,,,,,,
1,-,,,,,,,
15,-,,,,,,,
4,-,,,,,,,
11,-,,,,,,,
1,-,,,,,,,
133,-,,,,,,,
2,-,,,,,,,
14,-,,,,,,,
52,-,,,,,,,
1,-,,,,,,,
23,-,,,,,,,
107,-,,,,,,,
9,-,,,,,,,
14,-,,,,,,,
2,-,,,,,,,
6,-,,,,,,,
11,-,,,,,,,
28,-,,,,,,,
1,-,,,,,,,
3,-,,,,,,,
23,-,,,,,,,
169,-,,,,,,,
1,-,,,,,,,
23,-,,,,,,,
29,-,,,,,,,
11,-,,,,,,,
7,-,,,,,,,
16,-,,,,,,,
9,-,,,,,,,
4,-,,,,,,,
1,-,,,,,,,
1,-,,,,,,,
5,-,,,,,,,
93,-,,,,,,,
1,-,,,,,,,
2,-,,,,,,,
2,-,,,,,,,
1,-,,,,,,,
7,-,,,,,,,
1,-,,,,,,,
30,-,,,,,,,
1,-,,,,,,,
3,-,,,,,,,
7,-,,,,,,,
2,-,,,,,,,
15,-,,,,,,,
1,-,,,,,,,
9,-,,,,,,,
1,-,,,,,,,
24,-,,,,,,,
1,-,,,,,,,
15,-,,,,,,,
11,-,,,,,,,
26,-,,,,,,,
3,-,,,,,,,
13,-,,,,,,,
49,-,,,,,,,
11,-,,,,,,,
3,-,,,,,,,
11,-,,,,,,,
3,-,,,,,,,
37,-,,,,,,,
3,-,,,,,,,
23,-,,,,,,,
2,-,,,,,,,
248,-,,,,,,,
287,-,,,,,,,
5,-,,,,,,,
2,-,,,,,,,
6,-,,,,,,,
18,-,,,,,,,
5,-,,,,,,,
1,-,,,,,,,
9,-,,,,,,,
19,-,,,,,,,
1,-,,,,,,,
61,-,,,,,,,
10,-,,,,,,,
1,-,,,,,,,
1,-,,,,,,,
126,-,,,,,,,
2,-,,,,,,,
2,-,,,,,,,
2,-,,,,,,,
5,-,,,,,,,
70,-,,,,,,,
3,-,,,,,,,
3,-,,,,,,,
7,-,,,,,,,
22,-,,,,,,,
3,-,,,,,,,
12,-,,,,,,,
6,-,,,,,,,
2,-,,,,,,,
1,-,,,,,,,
16,-,,,,,,,
2,-,,,,,,,
16,-,,,,,,,
11,-,,,,,,,
6,-,,,,,,,
16,-,,,,,,,
1,-,,,,,,,
168,-,,,,,,,
4,-,,,,,,,
1,-,,,,,,,
6,-,,,,,,,
43,-,,,,,,,
2,-,,,,,,,
8,-,,,,,,,
37,-,,,,,,,
7,-,,,,,,,
72,-,,,,,,,
25,-,,,,,,,
50,-,,,,,,,
4,-,,,,,,,
41,-,,,,,,,
12,-,,,,,,,
25,-,,,,,,,
5,-,,,,,,,
3,-,,,,,,,
88,-,,,,,,,
8,-,,,,,,,
2,-,,,,,,,
9,-,,,,,,,
1,-,,,,,,,
16,-,,,,,,,
12,-,,,,,,,
37,-,,,,,,,
2,-,,,,,,,
78,-,,,,,,,
7,-,,,,,,,
8,-,,,,,,,
3,-,,,,,,,
147,-,,,,,,,
2,-,,,,,,,
3,-,,,,,,,
14,-,,,,,,,
11,-,,,,,,,
6,-,,,,,,,
5,-,,,,,,,
59,-,,,,,,,
1,-,,,,,,,
3,-,,,,,,,
2,-,,,,,,,
2,-,,,,,,,
6,-,,,,,,,
6,-,,,,,,,
2,-,,,,,,,
51,-,,,,,,,
8,-,,,,,,,
5,-,,,,,,,
2,-,,,,,,,
1,-,,,,,,,
13,-,,,,,,,
3,-,,,,,,,
78,-,,,,,,,
1,-,,,,,,,
125,-,,,,,,,
1,-,,,,,,,
189,-,,,,,,,
157,-,,,,,,,
3,-,,,,,,,
7,-,,,,,,,
3,-,,,,,,,
9,-,,,,,,,
34,-,,,,,,,
94,-,,,,,,,
3,-,,,,,,,
45,-,,,,,,,
5,-,,,,,,,
4,-,,,,,,,
6,-,,,,,,,
5,-,,,,,,,
2,-,,,,,,,
126,-,,,,,,,
5,-,,,,,,,
10,-,,,,,,,
40,-,,,,,,,
2,-,,,,,,,
12,-,,,,,,,
7,-,,,,,,,
3,-,,,,,,,
46,-,,,,,,,
1,-,,,,,,,
49,-,,,,,,,
14,-,,,,,,,
100,-,,,,,,,
20,-,,,,,,,
5,-,,,,,,,
5,-,,,,,,,
1,-,,,,,,,
2,-,,,,,,,
2,-,,,,,,,
54,-,,,,,,,
23,-,,,,,,,
1,-,,,,,,,
8,-,,,,,,,
95,-,,,,,,,
1,-,,,,,,,
31,-,,,,,,,
48,-,,,,,,,
4,-,,,,,,,
33,-,,,,,,,
6,-,,,,,,,
3,-,,,,,,,
14,-,,,,,,,
3,-,,,,,,,
7,-,,,,,,,
3,-,,,,,,,
3,-,,,,,,,
3,-,,,,,,,
4,-,,,,,,,
2,-,,,,,,,
43,-,,,,,,,
14,-,,,,,,,
260,-,,,,,,,
4,-,,,,,,,
2,-,,,,,,,
2,-,,,,,,,
2,-,,,,,,,
16,-,,,,,,,
8,-,,,,,,,
13,-,,,,,,,
1,-,,,,,,,
26,-,,,,,,,
1,-,,,,,,,
1,-,,,,,,,
5,-,,,,,,,
6,-,,,,,,,
4,-,,,,,,,
11,-,,,,,,,
92,-,,,,,,,
73,-,,,,,,,
2,-,,,,,,,
66,-,,,,,,,
10,-,,,,,,,
10,-,,,,,,,
1,-,,,,,,,
2,-,,,,,,,
2,-,,,,,,,
3,-,,,,,,,
7,-,,,,,,,
14,-,,,,,,,
8,-,,,,,,,
8,-,,,,,,,
8,-,,,,,,,
6,-,,,,,,,
1,-,,,,,,,
79,-,,,,,,,
1,-,,,,,,,
126,-,,,,,,,
20,-,,,,,,,
4,-,,,,,,,
5,-,,,,,,,
5,-,,,,,,,
24,-,,,,,,,
32,-,,,,,,,
1,-,,,,,,,
7,-,,,,,,,
84,-,,,,,,,
25,-,,,,,,,
2,-,,,,,,,
5,-,,,,,,,
219,-,,,,,,,
140,-,,,,,,,
2,-,,,,,,,
49,-,,,,,,,
94,-,,,,,,,
13,-,,,,,,,
2,-,,,,,,,
233,-,,,,,,,
8,-,,,,,,,
1,-,,,,,,,
8,-,,,,,,,
6,-,,,,,,,
30,-,,,,,,,
24,-,,,,,,,
2,-,,,,,,,
25,-,,,,,,,
6,-,,,,,,,
8,-,,,,,,,
10,-,,,,,,,
1,-,,,,,,,
26,-,,,,,,,
55,-,,,,,,,
5,-,,,,,,,
216,-,,,,,,,
10,-,,,,,,,
17,-,,,,,,,
33,-,,,,,,,
13,-,,,,,,,
3,-,,,,,,,
2,-,,,,,,,
16,-,,,,,,,
2,-,,,,,,,
2,-,,,,,,,
1,-,,,,,,,
1,-,,,,,,,
7,-,,,,,,,
1,-,,,,,,,
48,-,,,,,,,
1,-,,,,,,,
1,-,,,,,,,
3,-,,,,,,,
11,-,,,,,,,
3,-,,,,,,,
37,-,,,,,,,
45,-,,,,,,,
19,-,,,,,,,
2,-,,,,,,,
51,-,,,,,,,
4,-,,,,,,,
2,-,,,,,,,
49,-,,,,,,,
103,-,,,,,,,
74,-,,,,,,,
2,-,,,,,,,
1,-,,,,,,,
80,-,,,,,,,
35,-,,,,,,,
7,-,,,,,,,
23,-,,,,,,,
36,-,,,,,,,
15,-,,,,,,,
6,-,,,,,,,
4,-,,,,,,,
7,-,,,,,,,
10,-,,,,,,,
1,-,,,,,,,
179,-,,,,,,,
10,-,,,,,,,
9,-,,,,,,,
3,-,,,,,,,
38,-,,,,,,,
10,-,,,,,,,
13,-,,,,,,,
3,-,,,,,,,
4,-,,,,,,,
7,-,,,,,,,
3,-,,,,,,,
98,-,,,,,,,
2,-,,,,,,,
4,-,,,,,,,
3,-,,,,,,,
48,-,,,,,,,
4,-,,,,,,,
3,-,,,,,,,
2,-,,,,,,,
21,-,,,,,,,
19,-,,,,,,,
136,-,,,,,,,
3,-,,,,,,,
46,-,,,,,,,
19,-,,,,,,,
21,-,,,,,,,
17,-,,,,,,,
68,-,,,,,,,
5,-,,,,,,,
1,-,,,,,,,
20,-,,,,,,,
3,-,,,,,,,
31,-,,,,,,,
4,-,,,,,,,
2,-,,,,,,,
1,-,,,,,,,
90,-,,,,,,,
26,-,,,,,,,
1,-,,,,,,,
139,-,,,,,,,
1,-,,,,,,,
1,-,,,,,,,
4,-,,,,,,,
13,-,,,,,,,
55,-,,,,,,,
166,-,,,,,,,
7,-,,,,,,,
12,-,,,,,,,
36,-,,,,,,,
3,-,,,,,,,
6,-,,,,,,,
2,-,,,,,,,
5,-,,,,,,,
25,-,,,,,,,
8,-,,,,,,,
9,-,,,,,,,
1,-,,,,,,,
22,-,,,,,,,
8,-,,,,,,,
122,-,,,,,,,
4,-,,,,,,,
44,-,,,,,,,
6,-,,,,,,,
3,-,,,,,,,
2,-,,,,,,,
26,-,,,,,,,
85,-,,,,,,,
8,-,,,,,,,
2,-,,,,,,,
11,-,,,,,,,
84,-,,,,,,,
4,-,,,,,,,
40,-,,,,,,,
4,-,,,,,,,
2,-,,,,,,,
4,-,,,,,,,
1,-,,,,,,,
2,-,,,,,,,
9,-,,,,,,,
13,-,,,,,,,
2,-,,,,,,,
1,-,,,,,,,
86,-,,,,,,,
3,-,,,,,,,
5,-,,,,,,,
5,-,,,,,,,
7,-,,,,,,,
4,-,,,,,,,
8,-,,,,,,,
5,-,,,,,,,
404,-,,,,,,,
5,-,,,,,,,
2,-,,,,,,,
3,-,,,,,,,
5,-,,,,,,,
5,-,,,,,,,
1,-,,,,,,,
3,-,,,,,,,
7,-,,,,,,,
3,-,,,,,,,
10,-,,,,,,,
3,-,,,,,,,
24,-,,,,,,,
3,-,,,,,,,
2,-,,,,,,,
1,-,,,,,,,
10,-,,,,,,,
20,-,,,,,,,
75,-,,,,,,,
1,-,,,,,,,
3,-,,,,,,,
2,-,,,,,,,
1,-,,,,,,,
5,-,,,,,,,
25,-,,,,,,,
2,-,,,,,,,
2,-,,,,,,,
3,-,,,,,,,
7,-,,,,,,,
2,-,,,,,,,
2,-,,,,,,,
2,-,,,,,,,
1,-,,,,,,,
20,-,,,,,,,
1,-,,,,,,,
54,-,,,,,,,
2,-,,,,,,,
2,-,,,,,,,
12,-,,,,,,,
27,-,,,,,,,
2,-,,,,,,,
98,-,,,,,,,
5,-,,,,,,,
5,-,,,,,,,
71,-,,,,,,,
38,-,,,,,,,
2,-,,,,,,,
4,-,,,,,,,
2,-,,,,,,,
3,-,,,,,,,
170,-,,,,,,,
6,-,,,,,,,
4,-,,,,,,,
1,-,,,,,,,
1,-,,,,,,,
1,-,,,,,,,
1,-,,,,,,,
5,-,,,,,,,
23,-,,,,,,,
5,-,,,,,,,
41,-,,,,,,,
4,-,,,,,,,
3,-,,,,,,,
2,-,,,,,,,
113,-,,,,,,,
27,-,,,,,,,
27,-,,,,,,,
4,-,,,,,,,
5,-,,,,,,,
2,-,,,,,,,
1,-,,,,,,,
235,-,,,,,,,
3,-,,,,,,,
3,-,,,,,,,
7,-,,,,,,,
1,-,,,,,,,
5,-,,,,,,,
6,-,,,,,,,
12,-,,,,,,,
5,-,,,,,,,
6,-,,,,,,,
3,-,,,,,,,
9,-,,,,,,,
121,-,,,,,,,
11,-,,,,,,,
2,-,,,,,,,
18,-,,,,,,,
8,-,,,,,,,
18,-,,,,,,,
1,-,,,,,,,
2,-,,,,,,,
2,-,,,,,,,
9,-,,,,,,,
3,-,,,,,,,
5,-,,,,,,,
17,-,,,,,,,
9,-,,,,,,,
20,-,,,,,,,
16,-,,,,,,,
1,-,,,,,,,
13,-,,,,,,,
2,-,,,,,,,
25,-,,,,,,,
22,-,,,,,,,
1,-,,,,,,,
1,-,,,,,,,
94,-,,,,,,,
2,-,,,,,,,
13,-,,,,,,,
28,-,,,,,,,
33,-,,,,,,,
39,-,,,,,,,
2,-,,,,,,,
9,-,,,,,,,
3,-,,,,,,,
8,-,,,,,,,
3,-,,,,,,,
51,-,,,,,,,
28,-,,,,,,,
36,-,,,,,,,
5,-,,,,,,,
3,-,,,,,,,
17,-,,,,,,,
1,-,,,,,,,
2,-,,,,,,,
1,-,,,,,,,
3,-,,,,,,,
1,-,,,,,,,
1,-,,,,,,,
2,-,,,,,,,
3,-,,,,,,,
3,-,,,,,,,
4,-,,,,,,,
36,-,,,,,,,
2,-,,,,,,,
105,-,,,,,,,
83,-,,,,,,,
1,-,,,,,,,
4,-,,,,,,,
5,-,,,,,,,
1,-,,,,,,,
19,-,,,,,,,
74,-,,,,,,,
2,-,,,,,,,
2,-,,,,,,,
19,-,,,,,,,
3,-,,,,,,,
14,-,,,,,,,
2,-,,,,,,,
22,-,,,,,,,
5,-,,,,,,,
57,-,,,,,,,
16,-,,,,,,,
4,-,,,,,,,
